<?xml version="1.0" encoding="UTF-8"?>
<GenRun Id="impl_1" LaunchPart="xc7a100tcsg324-1" LaunchTime="1711364205">
  <File Type="BITSTR-BMM" Name="MCCPUSOC_Top_bd.bmm"/>
  <File Type="OPT-METHODOLOGY-DRC" Name="MCCPUSOC_Top_methodology_drc_opted.rpt"/>
  <File Type="INIT-TIMING" Name="MCCPUSOC_Top_timing_summary_init.rpt"/>
  <File Type="ROUTE-PWR" Name="MCCPUSOC_Top_power_routed.rpt"/>
  <File Type="PA-TCL" Name="MCCPUSOC_Top.tcl"/>
  <File Type="OPT-TIMING" Name="MCCPUSOC_Top_timing_summary_opted.rpt"/>
  <File Type="OPT-DCP" Name="MCCPUSOC_Top_opt.dcp"/>
  <File Type="ROUTE-PWR-SUM" Name="MCCPUSOC_Top_power_summary_routed.pb"/>
  <File Type="REPORTS-TCL" Name="MCCPUSOC_Top_reports.tcl"/>
  <File Type="OPT-DRC" Name="MCCPUSOC_Top_drc_opted.rpt"/>
  <File Type="OPT-HWDEF" Name="MCCPUSOC_Top.hwdef"/>
  <File Type="PWROPT-DCP" Name="MCCPUSOC_Top_pwropt.dcp"/>
  <File Type="PWROPT-DRC" Name="MCCPUSOC_Top_drc_pwropted.rpt"/>
  <File Type="PWROPT-TIMING" Name="MCCPUSOC_Top_timing_summary_pwropted.rpt"/>
  <File Type="PLACE-DCP" Name="MCCPUSOC_Top_placed.dcp"/>
  <File Type="PLACE-IO" Name="MCCPUSOC_Top_io_placed.rpt"/>
  <File Type="PLACE-CLK" Name="MCCPUSOC_Top_clock_utilization_placed.rpt"/>
  <File Type="PLACE-UTIL" Name="MCCPUSOC_Top_utilization_placed.rpt"/>
  <File Type="PLACE-UTIL-PB" Name="MCCPUSOC_Top_utilization_placed.pb"/>
  <File Type="PLACE-CTRL" Name="MCCPUSOC_Top_control_sets_placed.rpt"/>
  <File Type="PLACE-SIMILARITY" Name="MCCPUSOC_Top_incremental_reuse_placed.rpt"/>
  <File Type="PLACE-PRE-SIMILARITY" Name="MCCPUSOC_Top_incremental_reuse_pre_placed.rpt"/>
  <File Type="BG-BGN" Name="MCCPUSOC_Top.bgn"/>
  <File Type="PLACE-TIMING" Name="MCCPUSOC_Top_timing_summary_placed.rpt"/>
  <File Type="POSTPLACE-PWROPT-DCP" Name="MCCPUSOC_Top_postplace_pwropt.dcp"/>
  <File Type="BG-BIN" Name="MCCPUSOC_Top.bin"/>
  <File Type="POSTPLACE-PWROPT-TIMING" Name="MCCPUSOC_Top_timing_summary_postplace_pwropted.rpt"/>
  <File Type="PHYSOPT-DCP" Name="MCCPUSOC_Top_physopt.dcp"/>
  <File Type="PHYSOPT-DRC" Name="MCCPUSOC_Top_drc_physopted.rpt"/>
  <File Type="BITSTR-MSK" Name="MCCPUSOC_Top.msk"/>
  <File Type="PHYSOPT-TIMING" Name="MCCPUSOC_Top_timing_summary_physopted.rpt"/>
  <File Type="ROUTE-ERROR-DCP" Name="MCCPUSOC_Top_routed_error.dcp"/>
  <File Type="ROUTE-DCP" Name="MCCPUSOC_Top_routed.dcp"/>
  <File Type="ROUTE-BLACKBOX-DCP" Name="MCCPUSOC_Top_routed_bb.dcp"/>
  <File Type="ROUTE-DRC" Name="MCCPUSOC_Top_drc_routed.rpt"/>
  <File Type="ROUTE-DRC-PB" Name="MCCPUSOC_Top_drc_routed.pb"/>
  <File Type="BITSTR-LTX" Name="debug_nets.ltx"/>
  <File Type="BITSTR-LTX" Name="MCCPUSOC_Top.ltx"/>
  <File Type="ROUTE-DRC-RPX" Name="MCCPUSOC_Top_drc_routed.rpx"/>
  <File Type="BITSTR-MMI" Name="MCCPUSOC_Top.mmi"/>
  <File Type="ROUTE-METHODOLOGY-DRC" Name="MCCPUSOC_Top_methodology_drc_routed.rpt"/>
  <File Type="ROUTE-METHODOLOGY-DRC-RPX" Name="MCCPUSOC_Top_methodology_drc_routed.rpx"/>
  <File Type="BITSTR-SYSDEF" Name="MCCPUSOC_Top.sysdef"/>
  <File Type="ROUTE-METHODOLOGY-DRC-PB" Name="MCCPUSOC_Top_methodology_drc_routed.pb"/>
  <File Type="ROUTE-PWR-RPX" Name="MCCPUSOC_Top_power_routed.rpx"/>
  <File Type="ROUTE-STATUS" Name="MCCPUSOC_Top_route_status.rpt"/>
  <File Type="ROUTE-STATUS-PB" Name="MCCPUSOC_Top_route_status.pb"/>
  <File Type="ROUTE-TIMINGSUMMARY" Name="MCCPUSOC_Top_timing_summary_routed.rpt"/>
  <File Type="ROUTE-TIMING-PB" Name="MCCPUSOC_Top_timing_summary_routed.pb"/>
  <File Type="ROUTE-TIMING-RPX" Name="MCCPUSOC_Top_timing_summary_routed.rpx"/>
  <File Type="ROUTE-SIMILARITY" Name="MCCPUSOC_Top_incremental_reuse_routed.rpt"/>
  <File Type="ROUTE-CLK" Name="MCCPUSOC_Top_clock_utilization_routed.rpt"/>
  <File Type="ROUTE-BUS-SKEW" Name="MCCPUSOC_Top_bus_skew_routed.rpt"/>
  <File Type="ROUTE-BUS-SKEW-PB" Name="MCCPUSOC_Top_bus_skew_routed.pb"/>
  <File Type="ROUTE-BUS-SKEW-RPX" Name="MCCPUSOC_Top_bus_skew_routed.rpx"/>
  <File Type="POSTROUTE-PHYSOPT-DCP" Name="MCCPUSOC_Top_postroute_physopt.dcp"/>
  <File Type="POSTROUTE-PHYSOPT-BLACKBOX-DCP" Name="MCCPUSOC_Top_postroute_physopt_bb.dcp"/>
  <File Type="POSTROUTE-PHYSOPT-TIMING" Name="MCCPUSOC_Top_timing_summary_postroute_physopted.rpt"/>
  <File Type="POSTROUTE-PHYSOPT-TIMING-PB" Name="MCCPUSOC_Top_timing_summary_postroute_physopted.pb"/>
  <File Type="POSTROUTE-PHYSOPT-TIMING-RPX" Name="MCCPUSOC_Top_timing_summary_postroute_physopted.rpx"/>
  <File Type="POSTROUTE-PHYSOPT-BUS-SKEW" Name="MCCPUSOC_Top_bus_skew_postroute_physopted.rpt"/>
  <File Type="POSTROUTE-PHYSOPT-BUS-SKEW-PB" Name="MCCPUSOC_Top_bus_skew_postroute_physopted.pb"/>
  <File Type="BG-BIT" Name="MCCPUSOC_Top.bit"/>
  <File Type="POSTROUTE-PHYSOPT-BUS-SKEW-RPX" Name="MCCPUSOC_Top_bus_skew_postroute_physopted.rpx"/>
  <File Type="BITSTR-RBT" Name="MCCPUSOC_Top.rbt"/>
  <File Type="BITSTR-NKY" Name="MCCPUSOC_Top.nky"/>
  <File Type="BG-DRC" Name="MCCPUSOC_Top.drc"/>
  <File Type="RDI-RDI" Name="MCCPUSOC_Top.vdi"/>
  <File Type="WBT-USG" Name="usage_statistics_webtalk.html"/>
  <FileSet Name="sources" Type="DesignSrcs" RelSrcDir="$PSRCDIR/sources_1">
    <Filter Type="Srcs"/>
    <File Path="$PSRCDIR/sources_1/imports/FPGA/up/EXT.v">
      <FileInfo>
        <Attr Name="ImportPath" Val="$PPRDIR/../EXT.v"/>
        <Attr Name="ImportTime" Val="1571500074"/>
        <Attr Name="UsedIn" Val="synthesis"/>
        <Attr Name="UsedIn" Val="implementation"/>
        <Attr Name="UsedIn" Val="simulation"/>
      </FileInfo>
    </File>
    <File Path="$PSRCDIR/sources_1/imports/daerxia/jizu_exam/source/MCCPU_FPGATop/MIO_BUS.v">
      <FileInfo>
        <Attr Name="ImportPath" Val="$PPRDIR/../../../daerxia/jizu_exam/source/MCCPU_FPGATop/MIO_BUS.v"/>
        <Attr Name="ImportTime" Val="1571893928"/>
        <Attr Name="UsedIn" Val="synthesis"/>
        <Attr Name="UsedIn" Val="implementation"/>
        <Attr Name="UsedIn" Val="simulation"/>
      </FileInfo>
    </File>
    <File Path="$PSRCDIR/sources_1/imports/daerxia/jizu_exam/source/MCCPU_FPGATop/Multi_CH32.v">
      <FileInfo>
        <Attr Name="ImportPath" Val="$PPRDIR/../../../daerxia/jizu_exam/source/MCCPU_FPGATop/Multi_CH32.v"/>
        <Attr Name="ImportTime" Val="1571893972"/>
        <Attr Name="UsedIn" Val="synthesis"/>
        <Attr Name="UsedIn" Val="implementation"/>
        <Attr Name="UsedIn" Val="simulation"/>
      </FileInfo>
    </File>
    <File Path="$PSRCDIR/sources_1/imports/FPGA/up/RF.v">
      <FileInfo>
        <Attr Name="ImportPath" Val="$PPRDIR/../RF.v"/>
        <Attr Name="ImportTime" Val="1571500702"/>
        <Attr Name="UsedIn" Val="synthesis"/>
        <Attr Name="UsedIn" Val="implementation"/>
        <Attr Name="UsedIn" Val="simulation"/>
      </FileInfo>
    </File>
    <File Path="$PSRCDIR/sources_1/imports/FPGA/up/ctrl_encode_def.v">
      <FileInfo>
        <Attr Name="ImportPath" Val="$PPRDIR/../ctrl_encode_def.v"/>
        <Attr Name="ImportTime" Val="1710774269"/>
        <Attr Name="UsedIn" Val="synthesis"/>
        <Attr Name="UsedIn" Val="implementation"/>
        <Attr Name="UsedIn" Val="simulation"/>
      </FileInfo>
    </File>
    <File Path="$PSRCDIR/sources_1/imports/FPGA/up/alu.v">
      <FileInfo>
        <Attr Name="ImportPath" Val="$PPRDIR/../alu.v"/>
        <Attr Name="ImportTime" Val="1710777210"/>
        <Attr Name="UsedIn" Val="synthesis"/>
        <Attr Name="UsedIn" Val="implementation"/>
        <Attr Name="UsedIn" Val="simulation"/>
      </FileInfo>
    </File>
    <File Path="$PSRCDIR/sources_1/imports/daerxia/jizu_exam/source/MCCPU_FPGATop/clk_div.v">
      <FileInfo>
        <Attr Name="ImportPath" Val="$PPRDIR/../../../daerxia/jizu_exam/source/MCCPU_FPGATop/clk_div.v"/>
        <Attr Name="ImportTime" Val="1572142094"/>
        <Attr Name="UsedIn" Val="synthesis"/>
        <Attr Name="UsedIn" Val="implementation"/>
        <Attr Name="UsedIn" Val="simulation"/>
      </FileInfo>
    </File>
    <File Path="$PSRCDIR/sources_1/imports/FPGA/up/ctrl.v">
      <FileInfo>
        <Attr Name="ImportPath" Val="$PPRDIR/../ctrl.v"/>
        <Attr Name="ImportTime" Val="1710867308"/>
        <Attr Name="UsedIn" Val="synthesis"/>
        <Attr Name="UsedIn" Val="implementation"/>
        <Attr Name="UsedIn" Val="simulation"/>
      </FileInfo>
    </File>
    <File Path="$PSRCDIR/sources_1/imports/FPGA/up/flopenr.v">
      <FileInfo>
        <Attr Name="ImportPath" Val="$PPRDIR/../flopenr.v"/>
        <Attr Name="ImportTime" Val="1571813108"/>
        <Attr Name="UsedIn" Val="synthesis"/>
        <Attr Name="UsedIn" Val="implementation"/>
        <Attr Name="UsedIn" Val="simulation"/>
      </FileInfo>
    </File>
    <File Path="$PSRCDIR/sources_1/imports/FPGA/up/flopr.v">
      <FileInfo>
        <Attr Name="ImportPath" Val="$PPRDIR/../flopr.v"/>
        <Attr Name="ImportTime" Val="1571662242"/>
        <Attr Name="UsedIn" Val="synthesis"/>
        <Attr Name="UsedIn" Val="implementation"/>
        <Attr Name="UsedIn" Val="simulation"/>
      </FileInfo>
    </File>
    <File Path="$PSRCDIR/sources_1/imports/FPGA/up/mccpu.v">
      <FileInfo>
        <Attr Name="ImportPath" Val="$PPRDIR/../mccpu.v"/>
        <Attr Name="ImportTime" Val="1710866805"/>
        <Attr Name="UsedIn" Val="synthesis"/>
        <Attr Name="UsedIn" Val="implementation"/>
        <Attr Name="UsedIn" Val="simulation"/>
      </FileInfo>
    </File>
    <File Path="$PSRCDIR/sources_1/imports/FPGA/up/mux.v">
      <FileInfo>
        <Attr Name="ImportPath" Val="$PPRDIR/../mux.v"/>
        <Attr Name="ImportTime" Val="1571500140"/>
        <Attr Name="UsedIn" Val="synthesis"/>
        <Attr Name="UsedIn" Val="implementation"/>
        <Attr Name="UsedIn" Val="simulation"/>
      </FileInfo>
    </File>
    <File Path="$PSRCDIR/sources_1/imports/daerxia/jizu_exam/source/MCCPU_FPGATop/seg7x16.v">
      <FileInfo>
        <Attr Name="ImportPath" Val="$PPRDIR/../../../daerxia/jizu_exam/source/MCCPU_FPGATop/seg7x16.v"/>
        <Attr Name="ImportTime" Val="1571893982"/>
        <Attr Name="UsedIn" Val="synthesis"/>
        <Attr Name="UsedIn" Val="implementation"/>
        <Attr Name="UsedIn" Val="simulation"/>
      </FileInfo>
    </File>
    <File Path="$PSRCDIR/sources_1/imports/daerxia/jizu_exam/source/MCCPU_FPGATop/MCCPU_Top.v">
      <FileInfo>
        <Attr Name="ImportPath" Val="$PPRDIR/../../../daerxia/jizu_exam/source/MCCPU_FPGATop/MCCPU_Top.v"/>
        <Attr Name="ImportTime" Val="1649086328"/>
        <Attr Name="UsedIn" Val="synthesis"/>
        <Attr Name="UsedIn" Val="implementation"/>
        <Attr Name="UsedIn" Val="simulation"/>
      </FileInfo>
    </File>
    <File Path="$PSRCDIR/sources_1/imports/FPGA/up/dm.v">
      <FileInfo>
        <Attr Name="AutoDisabled" Val="1"/>
        <Attr Name="ImportPath" Val="$PPRDIR/../dm.v"/>
        <Attr Name="ImportTime" Val="1572064098"/>
        <Attr Name="UsedIn" Val="synthesis"/>
        <Attr Name="UsedIn" Val="implementation"/>
        <Attr Name="UsedIn" Val="simulation"/>
      </FileInfo>
    </File>
    <File Path="$PSRCDIR/sources_1/imports/FPGA/up/mccomp.v">
      <FileInfo>
        <Attr Name="AutoDisabled" Val="1"/>
        <Attr Name="ImportPath" Val="$PPRDIR/../mccomp.v"/>
        <Attr Name="ImportTime" Val="1572074862"/>
        <Attr Name="UsedIn" Val="synthesis"/>
        <Attr Name="UsedIn" Val="implementation"/>
        <Attr Name="UsedIn" Val="simulation"/>
      </FileInfo>
    </File>
    <File Path="$PSRCDIR/sources_1/imports/FPGA/up/mccomp_tb.v">
      <FileInfo>
        <Attr Name="AutoDisabled" Val="1"/>
        <Attr Name="ImportPath" Val="$PPRDIR/../mccomp_tb.v"/>
        <Attr Name="ImportTime" Val="1571892268"/>
        <Attr Name="UsedIn" Val="synthesis"/>
        <Attr Name="UsedIn" Val="implementation"/>
        <Attr Name="UsedIn" Val="simulation"/>
      </FileInfo>
    </File>
    <File Path="$PPRDIR/../UP.coe">
      <FileInfo>
        <Attr Name="UsedIn" Val="synthesis"/>
        <Attr Name="UsedIn" Val="simulation"/>
      </FileInfo>
    </File>
    <Config>
      <Option Name="DesignMode" Val="RTL"/>
      <Option Name="TopModule" Val="MCCPUSOC_Top"/>
      <Option Name="TopAutoSet" Val="TRUE"/>
    </Config>
  </FileSet>
  <FileSet Name="constrs_in" Type="Constrs" RelSrcDir="$PSRCDIR/constrs_1">
    <Filter Type="Constrs"/>
    <File Path="$PSRCDIR/constrs_1/imports/source/Nexys4DDR_CPU.xdc">
      <FileInfo>
        <Attr Name="ImportPath" Val="$PPRDIR/../../../daerxia/jizu_exam/source/Nexys4DDR_CPU.xdc"/>
        <Attr Name="ImportTime" Val="1548777796"/>
        <Attr Name="UsedIn" Val="synthesis"/>
        <Attr Name="UsedIn" Val="implementation"/>
      </FileInfo>
    </File>
    <Config>
      <Option Name="ConstrsType" Val="XDC"/>
    </Config>
  </FileSet>
  <Strategy Version="1" Minor="2">
    <StratHandle Name="Vivado Implementation Defaults" Flow="Vivado Implementation 2018">
      <Desc>Default settings for Implementation.</Desc>
    </StratHandle>
    <Step Id="init_design"/>
    <Step Id="opt_design"/>
    <Step Id="power_opt_design"/>
    <Step Id="place_design"/>
    <Step Id="post_place_power_opt_design"/>
    <Step Id="phys_opt_design"/>
    <Step Id="route_design"/>
    <Step Id="post_route_phys_opt_design"/>
    <Step Id="write_bitstream"/>
  </Strategy>
  <BlockFileSet Type="BlockSrcs" Name="dmem"/>
</GenRun>
