<?xml version="1.0" encoding="UTF-8"?>
<GenRun Id="impl_1" LaunchPart="xc7a100tcsg324-1" LaunchTime="1711362099">
  <File Type="BITSTR-BMM" Name="SCCPUSOC_Top_bd.bmm"/>
  <File Type="OPT-METHODOLOGY-DRC" Name="SCCPUSOC_Top_methodology_drc_opted.rpt"/>
  <File Type="INIT-TIMING" Name="SCCPUSOC_Top_timing_summary_init.rpt"/>
  <File Type="ROUTE-PWR" Name="SCCPUSOC_Top_power_routed.rpt"/>
  <File Type="PA-TCL" Name="SCCPUSOC_Top.tcl"/>
  <File Type="OPT-TIMING" Name="SCCPUSOC_Top_timing_summary_opted.rpt"/>
  <File Type="OPT-DCP" Name="SCCPUSOC_Top_opt.dcp"/>
  <File Type="ROUTE-PWR-SUM" Name="SCCPUSOC_Top_power_summary_routed.pb"/>
  <File Type="REPORTS-TCL" Name="SCCPUSOC_Top_reports.tcl"/>
  <File Type="OPT-DRC" Name="SCCPUSOC_Top_drc_opted.rpt"/>
  <File Type="OPT-HWDEF" Name="SCCPUSOC_Top.hwdef"/>
  <File Type="PWROPT-DCP" Name="SCCPUSOC_Top_pwropt.dcp"/>
  <File Type="PWROPT-DRC" Name="SCCPUSOC_Top_drc_pwropted.rpt"/>
  <File Type="PWROPT-TIMING" Name="SCCPUSOC_Top_timing_summary_pwropted.rpt"/>
  <File Type="PLACE-DCP" Name="SCCPUSOC_Top_placed.dcp"/>
  <File Type="PLACE-IO" Name="SCCPUSOC_Top_io_placed.rpt"/>
  <File Type="PLACE-CLK" Name="SCCPUSOC_Top_clock_utilization_placed.rpt"/>
  <File Type="PLACE-UTIL" Name="SCCPUSOC_Top_utilization_placed.rpt"/>
  <File Type="PLACE-UTIL-PB" Name="SCCPUSOC_Top_utilization_placed.pb"/>
  <File Type="PLACE-CTRL" Name="SCCPUSOC_Top_control_sets_placed.rpt"/>
  <File Type="PLACE-SIMILARITY" Name="SCCPUSOC_Top_incremental_reuse_placed.rpt"/>
  <File Type="PLACE-PRE-SIMILARITY" Name="SCCPUSOC_Top_incremental_reuse_pre_placed.rpt"/>
  <File Type="BG-BGN" Name="SCCPUSOC_Top.bgn"/>
  <File Type="PLACE-TIMING" Name="SCCPUSOC_Top_timing_summary_placed.rpt"/>
  <File Type="POSTPLACE-PWROPT-DCP" Name="SCCPUSOC_Top_postplace_pwropt.dcp"/>
  <File Type="BG-BIN" Name="SCCPUSOC_Top.bin"/>
  <File Type="POSTPLACE-PWROPT-TIMING" Name="SCCPUSOC_Top_timing_summary_postplace_pwropted.rpt"/>
  <File Type="PHYSOPT-DCP" Name="SCCPUSOC_Top_physopt.dcp"/>
  <File Type="PHYSOPT-DRC" Name="SCCPUSOC_Top_drc_physopted.rpt"/>
  <File Type="BITSTR-MSK" Name="SCCPUSOC_Top.msk"/>
  <File Type="PHYSOPT-TIMING" Name="SCCPUSOC_Top_timing_summary_physopted.rpt"/>
  <File Type="ROUTE-ERROR-DCP" Name="SCCPUSOC_Top_routed_error.dcp"/>
  <File Type="ROUTE-DCP" Name="SCCPUSOC_Top_routed.dcp"/>
  <File Type="ROUTE-BLACKBOX-DCP" Name="SCCPUSOC_Top_routed_bb.dcp"/>
  <File Type="ROUTE-DRC" Name="SCCPUSOC_Top_drc_routed.rpt"/>
  <File Type="ROUTE-DRC-PB" Name="SCCPUSOC_Top_drc_routed.pb"/>
  <File Type="BITSTR-LTX" Name="debug_nets.ltx"/>
  <File Type="BITSTR-LTX" Name="SCCPUSOC_Top.ltx"/>
  <File Type="ROUTE-DRC-RPX" Name="SCCPUSOC_Top_drc_routed.rpx"/>
  <File Type="BITSTR-MMI" Name="SCCPUSOC_Top.mmi"/>
  <File Type="ROUTE-METHODOLOGY-DRC" Name="SCCPUSOC_Top_methodology_drc_routed.rpt"/>
  <File Type="ROUTE-METHODOLOGY-DRC-RPX" Name="SCCPUSOC_Top_methodology_drc_routed.rpx"/>
  <File Type="BITSTR-SYSDEF" Name="SCCPUSOC_Top.sysdef"/>
  <File Type="ROUTE-METHODOLOGY-DRC-PB" Name="SCCPUSOC_Top_methodology_drc_routed.pb"/>
  <File Type="ROUTE-PWR-RPX" Name="SCCPUSOC_Top_power_routed.rpx"/>
  <File Type="ROUTE-STATUS" Name="SCCPUSOC_Top_route_status.rpt"/>
  <File Type="ROUTE-STATUS-PB" Name="SCCPUSOC_Top_route_status.pb"/>
  <File Type="ROUTE-TIMINGSUMMARY" Name="SCCPUSOC_Top_timing_summary_routed.rpt"/>
  <File Type="ROUTE-TIMING-PB" Name="SCCPUSOC_Top_timing_summary_routed.pb"/>
  <File Type="ROUTE-TIMING-RPX" Name="SCCPUSOC_Top_timing_summary_routed.rpx"/>
  <File Type="ROUTE-SIMILARITY" Name="SCCPUSOC_Top_incremental_reuse_routed.rpt"/>
  <File Type="ROUTE-CLK" Name="SCCPUSOC_Top_clock_utilization_routed.rpt"/>
  <File Type="ROUTE-BUS-SKEW" Name="SCCPUSOC_Top_bus_skew_routed.rpt"/>
  <File Type="ROUTE-BUS-SKEW-PB" Name="SCCPUSOC_Top_bus_skew_routed.pb"/>
  <File Type="ROUTE-BUS-SKEW-RPX" Name="SCCPUSOC_Top_bus_skew_routed.rpx"/>
  <File Type="POSTROUTE-PHYSOPT-DCP" Name="SCCPUSOC_Top_postroute_physopt.dcp"/>
  <File Type="POSTROUTE-PHYSOPT-BLACKBOX-DCP" Name="SCCPUSOC_Top_postroute_physopt_bb.dcp"/>
  <File Type="POSTROUTE-PHYSOPT-TIMING" Name="SCCPUSOC_Top_timing_summary_postroute_physopted.rpt"/>
  <File Type="POSTROUTE-PHYSOPT-TIMING-PB" Name="SCCPUSOC_Top_timing_summary_postroute_physopted.pb"/>
  <File Type="POSTROUTE-PHYSOPT-TIMING-RPX" Name="SCCPUSOC_Top_timing_summary_postroute_physopted.rpx"/>
  <File Type="POSTROUTE-PHYSOPT-BUS-SKEW" Name="SCCPUSOC_Top_bus_skew_postroute_physopted.rpt"/>
  <File Type="POSTROUTE-PHYSOPT-BUS-SKEW-PB" Name="SCCPUSOC_Top_bus_skew_postroute_physopted.pb"/>
  <File Type="BG-BIT" Name="SCCPUSOC_Top.bit"/>
  <File Type="POSTROUTE-PHYSOPT-BUS-SKEW-RPX" Name="SCCPUSOC_Top_bus_skew_postroute_physopted.rpx"/>
  <File Type="BITSTR-RBT" Name="SCCPUSOC_Top.rbt"/>
  <File Type="BITSTR-NKY" Name="SCCPUSOC_Top.nky"/>
  <File Type="BG-DRC" Name="SCCPUSOC_Top.drc"/>
  <File Type="RDI-RDI" Name="SCCPUSOC_Top.vdi"/>
  <File Type="WBT-USG" Name="usage_statistics_webtalk.html"/>
  <FileSet Name="sources" Type="DesignSrcs" RelSrcDir="$PSRCDIR/sources_1">
    <Filter Type="Srcs"/>
    <File Path="$PSRCDIR/sources_1/imports/FPGA/down/EXT.v">
      <FileInfo>
        <Attr Name="ImportPath" Val="$PPRDIR/../EXT.v"/>
        <Attr Name="ImportTime" Val="1571487706"/>
        <Attr Name="UsedIn" Val="synthesis"/>
        <Attr Name="UsedIn" Val="implementation"/>
        <Attr Name="UsedIn" Val="simulation"/>
      </FileInfo>
    </File>
    <File Path="$PSRCDIR/sources_1/imports/daerxia/jizu_exam/source/SCCPU_FPGATop/MIO_BUS.v">
      <FileInfo>
        <Attr Name="ImportPath" Val="$PPRDIR/../../../daerxia/jizu_exam/source/SCCPU_FPGATop/MIO_BUS.v"/>
        <Attr Name="ImportTime" Val="1551203864"/>
        <Attr Name="UsedIn" Val="synthesis"/>
        <Attr Name="UsedIn" Val="implementation"/>
        <Attr Name="UsedIn" Val="simulation"/>
      </FileInfo>
    </File>
    <File Path="$PSRCDIR/sources_1/imports/daerxia/jizu_exam/source/SCCPU_FPGATop/Multi_CH32.v">
      <FileInfo>
        <Attr Name="ImportPath" Val="$PPRDIR/../../../daerxia/jizu_exam/source/SCCPU_FPGATop/Multi_CH32.v"/>
        <Attr Name="ImportTime" Val="1551527432"/>
        <Attr Name="UsedIn" Val="synthesis"/>
        <Attr Name="UsedIn" Val="implementation"/>
        <Attr Name="UsedIn" Val="simulation"/>
      </FileInfo>
    </File>
    <File Path="$PSRCDIR/sources_1/imports/FPGA/down/ctrl_encode_def.v">
      <FileInfo>
        <Attr Name="ImportPath" Val="$PPRDIR/../ctrl_encode_def.v"/>
        <Attr Name="ImportTime" Val="1710694622"/>
        <Attr Name="UsedIn" Val="synthesis"/>
        <Attr Name="UsedIn" Val="implementation"/>
        <Attr Name="UsedIn" Val="simulation"/>
      </FileInfo>
    </File>
    <File Path="$PSRCDIR/sources_1/imports/FPGA/down/NPC.v">
      <FileInfo>
        <Attr Name="ImportPath" Val="$PPRDIR/../NPC.v"/>
        <Attr Name="ImportTime" Val="1710749158"/>
        <Attr Name="UsedIn" Val="synthesis"/>
        <Attr Name="UsedIn" Val="implementation"/>
        <Attr Name="UsedIn" Val="simulation"/>
      </FileInfo>
    </File>
    <File Path="$PSRCDIR/sources_1/imports/FPGA/down/PC.v">
      <FileInfo>
        <Attr Name="ImportPath" Val="$PPRDIR/../PC.v"/>
        <Attr Name="ImportTime" Val="1550113688"/>
        <Attr Name="UsedIn" Val="synthesis"/>
        <Attr Name="UsedIn" Val="implementation"/>
        <Attr Name="UsedIn" Val="simulation"/>
      </FileInfo>
    </File>
    <File Path="$PSRCDIR/sources_1/imports/FPGA/down/RF.v">
      <FileInfo>
        <Attr Name="ImportPath" Val="$PPRDIR/../RF.v"/>
        <Attr Name="ImportTime" Val="1551271794"/>
        <Attr Name="UsedIn" Val="synthesis"/>
        <Attr Name="UsedIn" Val="implementation"/>
        <Attr Name="UsedIn" Val="simulation"/>
      </FileInfo>
    </File>
    <File Path="$PSRCDIR/sources_1/imports/FPGA/down/alu.v">
      <FileInfo>
        <Attr Name="ImportPath" Val="$PPRDIR/../alu.v"/>
        <Attr Name="ImportTime" Val="1710693934"/>
        <Attr Name="UsedIn" Val="synthesis"/>
        <Attr Name="UsedIn" Val="implementation"/>
        <Attr Name="UsedIn" Val="simulation"/>
      </FileInfo>
    </File>
    <File Path="$PSRCDIR/sources_1/imports/daerxia/jizu_exam/source/SCCPU_FPGATop/clk_div.v">
      <FileInfo>
        <Attr Name="ImportPath" Val="$PPRDIR/../../../daerxia/jizu_exam/source/SCCPU_FPGATop/clk_div.v"/>
        <Attr Name="ImportTime" Val="1572142224"/>
        <Attr Name="UsedIn" Val="synthesis"/>
        <Attr Name="UsedIn" Val="implementation"/>
        <Attr Name="UsedIn" Val="simulation"/>
      </FileInfo>
    </File>
    <File Path="$PSRCDIR/sources_1/imports/FPGA/down/ctrl.v">
      <FileInfo>
        <Attr Name="ImportPath" Val="$PPRDIR/../ctrl.v"/>
        <Attr Name="ImportTime" Val="1711195135"/>
        <Attr Name="UsedIn" Val="synthesis"/>
        <Attr Name="UsedIn" Val="implementation"/>
        <Attr Name="UsedIn" Val="simulation"/>
      </FileInfo>
    </File>
    <File Path="$PSRCDIR/sources_1/imports/daerxia/jizu_exam/source/SCCPU_FPGATop/dm.v">
      <FileInfo>
        <Attr Name="ImportPath" Val="$PPRDIR/../../../daerxia/jizu_exam/source/SCCPU_FPGATop/dm.v"/>
        <Attr Name="ImportTime" Val="1572064098"/>
        <Attr Name="UsedIn" Val="synthesis"/>
        <Attr Name="UsedIn" Val="implementation"/>
        <Attr Name="UsedIn" Val="simulation"/>
      </FileInfo>
    </File>
    <File Path="$PSRCDIR/sources_1/imports/FPGA/down/mux.v">
      <FileInfo>
        <Attr Name="ImportPath" Val="$PPRDIR/../mux.v"/>
        <Attr Name="ImportTime" Val="1550765554"/>
        <Attr Name="UsedIn" Val="synthesis"/>
        <Attr Name="UsedIn" Val="implementation"/>
        <Attr Name="UsedIn" Val="simulation"/>
      </FileInfo>
    </File>
    <File Path="$PSRCDIR/sources_1/imports/FPGA/down/sccpu.v">
      <FileInfo>
        <Attr Name="ImportPath" Val="$PPRDIR/../sccpu.v"/>
        <Attr Name="ImportTime" Val="1710694866"/>
        <Attr Name="UsedIn" Val="synthesis"/>
        <Attr Name="UsedIn" Val="implementation"/>
        <Attr Name="UsedIn" Val="simulation"/>
      </FileInfo>
    </File>
    <File Path="$PSRCDIR/sources_1/imports/daerxia/jizu_exam/source/SCCPU_FPGATop/seg7x16.v">
      <FileInfo>
        <Attr Name="ImportPath" Val="$PPRDIR/../../../daerxia/jizu_exam/source/SCCPU_FPGATop/seg7x16.v"/>
        <Attr Name="ImportTime" Val="1551458036"/>
        <Attr Name="UsedIn" Val="synthesis"/>
        <Attr Name="UsedIn" Val="implementation"/>
        <Attr Name="UsedIn" Val="simulation"/>
      </FileInfo>
    </File>
    <File Path="$PSRCDIR/sources_1/imports/daerxia/jizu_exam/source/SCCPU_FPGATop/SCCPU_Top.v">
      <FileInfo>
        <Attr Name="ImportPath" Val="$PPRDIR/../../../daerxia/jizu_exam/source/SCCPU_FPGATop/SCCPU_Top.v"/>
        <Attr Name="ImportTime" Val="1572143952"/>
        <Attr Name="UsedIn" Val="synthesis"/>
        <Attr Name="UsedIn" Val="implementation"/>
        <Attr Name="UsedIn" Val="simulation"/>
      </FileInfo>
    </File>
    <File Path="$PPRDIR/../project_1/down.coe">
      <FileInfo>
        <Attr Name="UsedIn" Val="synthesis"/>
        <Attr Name="UsedIn" Val="simulation"/>
      </FileInfo>
    </File>
    <Config>
      <Option Name="DesignMode" Val="RTL"/>
      <Option Name="TopModule" Val="SCCPUSOC_Top"/>
      <Option Name="TopAutoSet" Val="TRUE"/>
    </Config>
  </FileSet>
  <FileSet Name="constrs_in" Type="Constrs" RelSrcDir="$PSRCDIR/constrs_1">
    <Filter Type="Constrs"/>
    <File Path="$PSRCDIR/constrs_1/imports/source/Nexys4DDR_CPU.xdc">
      <FileInfo>
        <Attr Name="ImportPath" Val="$PPRDIR/../../../daerxia/jizu_exam/source/Nexys4DDR_CPU.xdc"/>
        <Attr Name="ImportTime" Val="1548777796"/>
        <Attr Name="UsedIn" Val="synthesis"/>
        <Attr Name="UsedIn" Val="implementation"/>
      </FileInfo>
    </File>
    <Config>
      <Option Name="ConstrsType" Val="XDC"/>
    </Config>
  </FileSet>
  <Strategy Version="1" Minor="2">
    <StratHandle Name="Vivado Implementation Defaults" Flow="Vivado Implementation 2018">
      <Desc>Default settings for Implementation.</Desc>
    </StratHandle>
    <Step Id="init_design"/>
    <Step Id="opt_design"/>
    <Step Id="power_opt_design"/>
    <Step Id="place_design"/>
    <Step Id="post_place_power_opt_design"/>
    <Step Id="phys_opt_design"/>
    <Step Id="route_design"/>
    <Step Id="post_route_phys_opt_design"/>
    <Step Id="write_bitstream"/>
  </Strategy>
  <BlockFileSet Type="BlockSrcs" Name="imem"/>
</GenRun>
